0.0,0.0,0.0,0.0,0.0,0.0,0.0
0.27299411606194257,-0.03646738591992994,-0.2818699321390714,-0.08715988047310863,-0.288929836592955,0.05283434025400838,-0.28076975624219414
0.5186889997994132,-0.08536050210735982,-0.5356040149369518,-0.23156522779179262,-0.5489666895266145,0.10038405346096775,-0.5334456116907045
0.7398150566212008,-0.13497447637104387,-0.7640079593066305,-0.39280817871288554,-0.782999857166908,0.14317810634093914,-0.7608368086941935
0.9388280598197302,-0.18586576467148716,-0.9695844791113013,-0.5623324838460066,-0.9936297080431722,0.18169250029416695,-0.9654816809946076
1.11793950393644,-0.23970510428248437,-1.1546062974510478,-0.737555757661665,-1.18319657383181,0.2163555002720976,-1.1496600691806922
1.2791392968245026,-0.29739887510146007,-1.3211248972527714,-0.9170078611171038,-1.3538075096372832,0.24755215238077682,-1.3154213686850553
1.424219668352933,-0.35900814692053484,-1.4709924328897328,-1.100412060859773,-1.50735659526651,0.2756292169796078,-1.4646059482489757
1.5497954429490444,-0.4214185764132134,-1.6058723951292213,-1.291746138798261,-1.6455507819549586,0.3008985055759527,-1.5988726697816347
1.6678075316702627,-0.4884080784360947,-1.7272667494452252,-1.4639464211566762,-1.7699255403524177,0.3236413059214775,-1.719708959730899
1.7740175979160762,-0.557458710217857,-1.8365272071453242,-1.6189264013545808,-1.8818628229101309,0.34411005808890827,-1.8284590767906728
1.869606647199647,-0.6272262790112517,-1.9348678245825521,-1.7584082938760484,-1.9826063772120728,0.3625319408314424,-1.9263333909879161
1.955638104691349,-0.6962368808105517,-2.023373588345894,-1.883942318718352,-2.0732755760838204,0.3791113174858796,-2.014423127346456
2.033087495649817,-0.7630631599617359,-2.1030183479569833,-1.9969233708709822,-2.1548713087505553,0.3940336418220216,-2.0936970589109354
2.102791727420564,-0.8263267393792704,-2.174697894341508,-2.098606317808349,-2.228307776259035,0.4074639286463398,-2.1650416860504555
2.1655070143059394,-0.8846714638489408,-2.239206227607923,-2.190120940861113,-2.2944068352260865,0.4195497565783447,-2.229264670905323
2.221950762718611,-0.936697997694374,-2.2972637803765457,-2.272484078557675,-2.3538959882964328,0.4304270113595924,-2.287065187208126
2.272750147057645,-0.9809476593297575,-2.349515436691056,-2.346610865172929,-2.4074362260597444,0.4402165544449275,-2.339085387836913
2.3184695621482794,-1.0159026752243,-2.3965422596217323,-2.413324975202342,-2.455622440046725,0.44902714162057894,-2.385903555273998
2.3596168955700056,-0.9778568879464512,-2.4238578070958168,-2.4733677934397034,-2.4989900407486556,0.4569564671079378,-2.428040837767994
2.3966496304199167,-0.9218829706211011,-2.463450308832937,-2.5274061770299805,-2.538020873266745,0.46409307310182846,-2.4659631834598024
2.429979081770069,-0.8503972711454258,-2.4990834939509465,-2.576040722821789,-2.5731486225330253,0.47051601754717987,-2.500093276381181
2.459975587220025,-0.7617852301758484,-2.531153077663619,-2.61981179890355,-2.6047635968726777,0.47629667204793147,-2.530810226235218
2.486972345409372,-0.6545403877706076,-2.560018071145634,-2.659205996282411,-2.633217073778365,0.48149918471585906,-2.558457207956387
2.5112692708584046,-0.5484791664679411,-2.58600412555034,-2.6946612082380486,-2.6588252029934836,0.4861813031271494,-2.583342889089935
2.5331363553638786,-0.4530226684554159,-2.6094059917995174,-2.7265714798407044,-2.68187251928709,0.4903950200016401,-2.6057446893477803
2.5528167663670667,-0.36711143526944323,-2.630477685061987,-2.7552908732559396,-2.7026151039513358,0.4941873186731591,-2.6259076591663773
2.570529253475516,-0.28979168676004435,-2.649445611599729,-2.78113817799047,-2.7212834301491573,0.49760043910779833,-2.644053261248333
2.586470616920385,-0.22020490316091318,-2.66650902378131,-2.804400355110319,-2.7380849237271967,0.5006723787642792,-2.6603811288349943
2.6008179067193375,-0.1575780182548208,-2.6818470924667497,-2.825335805615244,-2.753206267947432,0.503437288227349,-2.6750720053536563
2.613730452829366,-0.10121484222630275,-2.6956259238316806,-2.8441772247161587,-2.7668154777456437,0.5059258576206541,-2.688289680444643
2.6253516938441703,-0.05048855103521256,-2.7080028199761284,-2.861134123519877,-2.7790637665640343,0.5081656815813291,-2.700182313623139
2.635810781545259,-0.004834992360262899,-2.7191264372030983,-2.8763950989640605,-2.790087226500586,0.5101815874658899,-2.7108836016205613
2.6452239800218997,0.03625340988565931,-2.7291336094991334,-2.8901298915448366,-2.8000083404434823,0.5119959233763086,-2.720513938676739
2.653695913249606,0.07323327524773392,-2.738145672427896,-2.9024912449569857,-2.808937342992089,0.5136288119749932,-2.7291815166244424
2.6613207111645236,0.10651542622952499,-2.746267245198582,-2.913616585913803,-2.8169734452858353,0.5150983762468726,-2.7369833591611554
2.6681830685075028,0.13646955429297614,-2.753588128413259,-2.923629550349319,-2.824205937350207,0.516420939708598,-2.7440063737530416
2.6743592059566486,0.16342838758832862,-2.760186649736243,-2.9326413732610734,-2.830715180208141,0.517611203281876,-2.7503284447364442
2.6799177281344697,0.1876914046386386,-2.7661325818864353,-2.9407521462745336,-2.836573498780282,0.5186824030595528,-2.7560194840223744
2.6849203872885914,0.20952815692457658,-2.7714889607798563,-2.9480519461214714,-2.8418459854952087,0.5196464531307928,-2.7611423534081165
2.6894287323011095,0.22918125504222983,-2.776318917277603,-2.9546220355337898,-2.8465913452701925,0.5205142607676619,-2.7657550191748292
2.693484193241689,0.24686905195710426,-2.780665982514503,-2.960535116004876,-2.850862135811619,0.5212952113388835,-2.7699065199746062
2.6971327682513624,0.2627880754881563,-2.7845784166173897,-2.9658568884288536,-2.8547058228863795,0.5219980137936823,-2.773642944212271
2.7004156166026756,0.2771152012065138,-2.7880996610079865,-2.970646483610434,-2.8581651237131416,0.5226305000703838,-2.7770057794856573
2.7033696134992615,0.2900096176106432,-2.7912688191856168,-2.974957119273856,-2.8612784819262393,0.5231997135847913,-2.7800323704675676
2.706027838147778,0.30161459471288343,-2.7941210888268797,-2.978836691370936,-2.864080495374749,0.5237119895578854,-2.7827563313323163
2.7084199926820225,0.31205907578919106,-2.796688151067188,-2.9823283062583075,-2.8666023010804884,0.5241730270352358,-2.7852079176271953
2.7105727650540308,0.3214591099776287,-2.7989985212042003,-2.985470759656942,-2.8688719216157805,0.5245879533772322,-2.7874143613489015
2.7125101464089303,0.32991914163694036,-2.8010778646014107,-2.9882989677157132,-2.8709145767672344,0.5249613820296934,-2.7894001727478894
2.714253710837089,0.3375331707848099,-2.8029492812017627,-2.9908443549686075,-2.8727529639719225,0.5252974643185363,-2.7911874121073628
2.715822863441206,0.3443857975038704,-2.804633561734335,-2.993135203496212,-2.87440751066375,0.5255999359273548,-2.79279593445297
2.717235996327975,0.3505531697293597,-2.80614943510773,-2.9951970152680047,-2.8758973292348387,0.5258722085208557,-2.7942440628064844
2.71850678571585,0.35610378756999417,-2.8075126303636537,-2.9970525362040044,-2.8772374329043098,0.5261172180576955,-2.7955463573837602
2.719650499966445,0.3610993423839167,-2.8087394331994915,-2.998722499357552,-2.878443526206834,0.5263377285064816,-2.7967183668398463
2.7206808591484366,0.3655953609491093,-2.809844719426371,-3.0002255832862033,-2.8795297960178283,0.5265362216506477,-2.79777427610095
2.721607166843039,0.36964175802019883,-2.8108383619099215,-3.0015782418859263,-2.880506653009,0.5267148317861007,-2.798723493390551
2.722441853907974,0.3732835354956806,-2.8117337552657578,-3.0027957524683075,-2.8813866385703557,0.5268756144040418,-2.799578902652434
2.723192065765679,0.37656111382892543,-2.8125384519155476,-3.003891389309348,-2.882177811306275,0.5270202868974087,-2.80034760905348
2.72386725432058,0.3795109349137191,-2.8132627576671148,-3.004877466433954,-2.8828898667686023,0.527150490899573,-2.8010394825204816
2.7244759295792367,0.382165795316886,-2.8139157114472315,-3.005765055808433,-2.883531567878761,0.5272677075449906,-2.8016633093656558
2.725022738544351,0.3845551459385613,-2.8145021585963943,-3.006563756115677,-2.88410824768384,0.5273731728232461,-2.802223513150437
2.725514865779562,0.38670556167136183,-2.8150299993274586,-3.007282588109485,-2.884627259508411,0.5274680910479078,-2.8027277126407224
2.7259577789325298,0.38864093618459644,-2.815505104454514,-3.007929539407318,-2.8850943701505245,0.5275535166659276,-2.803181515972587
2.726356399639339,0.3903827735376772,-2.81593273950141,-3.008511797661801,-2.885514769728427,0.5276303990689655,-2.8035899587905413
2.7267151573824955,0.39195042737899444,-2.8163176437352395,-3.0090358317555106,-2.8858931293485393,0.5276995927118712,-2.8039575731129123
2.7270380386520117,0.39336131600485574,-2.816664083985753,-3.0095074637621866,-2.88623365300664,0.5277618665789372,-2.804288438515073
2.727328631249167,0.39463111589357536,-2.8169759016694695,-3.0099319336181,-2.8865401242989313,0.5278179127338711,-2.804586227284452
2.727591150427186,0.39577395912198066,-2.8172575410493508,-3.0103140777333697,-2.8868168481022547,0.527868387200519,-2.8048553994344436
2.727827403033674,0.3968025179814384,-2.817511016491244,-3.0106580068612865,-2.8870658916436773,0.5279138135261603,-2.8050976493783644
2.728039070878774,0.3977281931814884,-2.81773788996968,-3.010967404323416,-2.8872891390722644,0.5279546709239799,-2.805314339687121
2.728230531537726,0.39856132878269906,-2.8179433305195403,-3.0112460011122626,-2.8874909621025693,0.5279914690091686,-2.805510699385413
2.72840188625052,0.3993111228568403,-2.818126991698532,-3.0114965998566223,-2.8876717024852674,0.5280245606547936,-2.8056860910430625
2.7285561065301835,0.3999859371226492,-2.818292268722556,-3.0117221372196368,-2.8878343688296955,0.5280543436374088,-2.8058439286273766
2.7286949048023756,0.4005932699019568,-2.818441022464366,-3.011925120917343,-2.887980768539681,0.5280811483087969,-2.805985982936781
2.7288198231927026,0.40113986937357854,-2.818574906425718,-3.0121078064226716,-2.888112528278668,0.5281052724644029,-2.80611383335665
2.728932249701765,0.4016318088690436,-2.8186954068460013,-3.0122722235259216,-2.8882311120437563,0.5281269841642885,-2.806228900013123
2.7290334335340285,0.4020745543849229,-2.818803861305906,-3.0124201990333415,-2.8883378374323354,0.5281465246642474,-2.806332460968725
2.729124498970188,0.40247302531877377,-2.8189014737485785,-3.0125533770766793,-2.888433890282057,0.5281641110925905,-2.806425666537566
2.7292064578596285,0.4028316491290645,-2.818989327835245,-3.012673237380374,-2.8885203378468063,0.5281799388629671,-2.80650955205789
2.7292802208642,0.40315441052891576,-2.8190683989539003,-3.0127811117011816,-2.8885981406550805,0.5281941838461808,-2.806585049379097
2.7293466075775354,0.4034448957604873,-2.8191395650296727,-3.012878198623975,-2.8886681631825275,0.5282070043247814,-2.806652997201347
2.7294063556323294,0.40370633244195747,-2.819203616257311,-3.012965576878152,-2.88873118345723,0.5282185427521383,-2.8067141503830064
2.7294601288967923,0.4039416254298323,-2.819261263863053,-3.0130442173225536,-2.888787901704462,0.5282289273355557,-2.8067691883188535
2.729508524851385,0.4041533890950447,-2.8193131479924283,-3.013114993732025,-2.8888389481269705,0.5282382734610369,-2.8068187224816774
2.72955208122782,0.4043439763714609,-2.8193598448109745,-3.0131786925054143,-2.8888848899072284,0.5282466849755391,-2.806863303210691
2.729591281984112,0.4045155048995495,-2.819401872896254,-3.0132360214028546,-2.8889262375094606,0.5282542553409777,-2.8069034258218757
2.729626562682089,0.40466988055569414,-2.8194396989917667,-3.013287617409384,-2.8889634503514694,0.5282610686728091,-2.8069395361079112
2.7296583153271174,0.4048088186285827,-2.8194737431863635,-3.013334053812253,-2.8889969419092774,0.528267200674739,-2.8069720352886107
2.7296868927238345,0.4049338628779643,-2.8195043835764353,-3.0133758465705425,-2.8890270843113046,0.5282727194799468,-2.807001284466706
2.7297126123962845,0.40504640268753495,-2.81953196046247,-3.0134134600478553,-2.889054212473129,0.5282776864081768,-2.8070276086383705
2.7297357601160295,0.4051476885025386,-2.8195567801264256,-3.013447312171763,-2.8890786278187712,0.5282821566471124,-2.8070513003029456
2.729756593077434,0.40523884572361085,-2.8195791182317533,-3.013477779077329,-2.889100601629849,0.5282861798656058,-2.8070726227118885
2.7297753427554134,0.4053208872112399,-2.819599222883732,-3.0135051992862976,-2.889120378059819,0.5282898007655797,-2.807091812792993
2.7297922174774,0.4053947245397835,-2.8196173173840284,-3.0135298774683767,-2.8891381768467923,0.5282930595787346,-2.8071090837823096
2.729807404738106,0.40546117812608473,-2.8196336027100113,-3.0135520878264037,-2.889154195755068,0.528295992513582,-2.8071246275929775
2.7298210732828054,0.4055209863452273,-2.819648259746307,-3.0135720771430017,-2.8891686127725165,0.5282986321577714,-2.807138616947253
2.729833374982287,0.4055748137347153,-2.819661451293345,-3.013590067522578,-2.8891815880882197,0.5283010078401834,-2.8071512072953984
2.729844446520305,0.4056232583782357,-2.819673323875161,-3.0136062588591286,-2.8891932658723527,0.5283031459568107,-2.8071625385427303
2.7298544109122855,0.4056668585510443,-2.8196840093665214,-3.013620831057266,-2.889203775878072,0.5283050702640505,-2.8071727366040053
2.7298633788721602,0.4057060987008134,-2.8196936264574166,-3.013633946031147,-2.88921323488322,0.5283068021426665,-2.8071819148023938
2.729871450042516,0.4057414148303945,-2.8197022819711663,-3.013645749503511,-2.8892217479878526,0.5283083608353536,-2.8071901751285835
2.7298787141017264,0.40577319934230427,-2.819710072050776,-3.013656372624816,-2.8892294097820224,0.5283097636605464,-2.80719760937399
2.7298852517603747,0.40580180539876226,-2.8197170832267013,-3.0136659334304627,-2.889236305396775,0.5283110262048453,-2.807204300150658
2.729891135658027,0.4058275508457243,-2.819723393377875,-3.013674538152299,-2.8892425114500524,0.5283121624962003,-2.807210321809188
2.7298964311703338,0.4058507217445124,-2.8197290725966644,-3.013682282398973,-2.889248096898002,0.5283131851597761,-2.8072157412648746
2.7299011971354186,0.4058715755502814,-2.8197341839673613,-3.0136892522182506,-2.8892531238011565,0.5283141055582306,-2.8072206187412374
2.729905486507628,0.4058903439726388,-2.8197387842668458,-3.013695525053106,-2.889257648013996,0.5283149339179648,-2.8072250084392047
2.7299093469459073,0.4059072355502022,-2.8197429245952015,-3.013701170602199,-2.8892617198055515,0.5283156794427488,-2.807228959139381
2.729912821343337,0.4059224379677012,-2.819746650943289,-3.0137062515943076,-2.889265384417951,0.5283163504159838,-2.8072325147440895
2.7299159483037188,0.4059361201413684,-2.8197500047035735,-3.0137108244853157,-2.889268682569111,0.5283169542927388,-2.8072357147652123
2.729918762570499,0.40594843409579123,-2.819753023129885,-3.013714940085505,-2.8892716509051546,0.5283174977825832,-2.8072385947632466
2.7299212954128036,0.4059595166530788,-2.8197557397512085,-3.013718644124114,-2.8892743224075943,0.5283179869241363,-2.8072411867424565
2.7299235749728683,0.4059694909531112,-2.8197581847441087,-3.0137219777574455,-2.88927672675979,0.5283184271521619,-2.807243519506509
2.729925626578724,0.4059784678217645,-2.819760385267916,-3.013724978026159,-2.8892788906767657,0.5283188233579532,-2.8072456189785466
2.729927473025618,0.4059865470023124,-2.8197623657664033,-3.0137276782668363,-2.889280838202044,0.5283191799436795,-2.807247508489251
2.729929134829287,0.40599381826368797,-2.8197641482393,-3.013730108482391,-2.8892825909747946,0.5283195008712981,-2.807249209036102
2.729930630453912,0.4060003623979189,-2.819765752486659,-3.0137322956754344,-2.88928416847027,0.5283197897065751,-2.8072507395167072
2.729931976517268,0.4060062521178194,-2.819767196328792,-3.0137342641483094,-2.889285588216198,0.5283200496587043,-2.8072521169388014
2.729933187975365,0.4060115528649123,-2.8197684958042144,-3.013736035773115,-2.889286865987533,0.5283202836159637,-2.807253356609242
2.7299342782886233,0.4060163235365595,-2.8197696653478004,-3.0137376302347327,-2.8892880159817347,0.5283204941778071,-2.8072544723041064
2.7299352595714317,0.40602061714037846,-2.8197707179511236,-3.0137390652495495,-2.889289050976516,0.528320683683746,-2.8072554764217785
2.729936142726749,0.40602448138321795,-2.8197716653067677,-3.0137403567623067,-2.8892899824718192,0.5283208542393436,-2.807256380120725
2.729936937567247,0.40602795920123524,-2.8197725179382074,-3.0137415191232666,-2.8892908208175925,0.5283210077396094,-2.807257193443495
2.729937652924337,0.40603108923696596,-2.8197732853167037,-3.013742565247659,-2.889291575328788,0.5283211458900544,-2.807257925428318
2.7299382967462966,0.40603390626868696,-2.819773975966511,-3.013743506759187,-2.8892922543888644,0.5283212702256406,-2.807258584209542
2.7299388761865817,0.40603644159684266,-2.8197745975595647,-3.0137443541191775,-2.889292865542933,0.5283213821278355,-2.807259177108027
2.7299393976833084,0.4060387233918286,-2.8197751570007035,-3.013745116742822,-2.889293415581595,0.528321482839962,-2.8072597107124984
2.729939867030786,0.4060407770069971,-2.819775660504367,-3.0137458031037894,-2.88929391061639,0.5283215734810122,-2.8072601909527655
2.729940289443898,0.4060426252603615,-2.819776113663629,-3.0137464208283773,-2.889294356147706,0.52832165505808,-2.807260623165617
2.729940669616043,0.40604428868813086,-2.819776521512323,-3.0137469767802516,-2.8892947571258905,0.528321728477552,-2.8072610121541275
2.7299410117712832,0.40604578577289047,-2.8197768885809635,-3.0137474771367088,-2.8892951180062565,0.5283217945551766,-2.8072613622410305
2.729941319711279,0.4060471331489644,-2.8197772189470665,-3.0137479274573127,-2.889295442798586,0.5283218540251288,-2.8072616773167582
2.7299415968575267,0.40604834578724214,-2.8197775162804475,-3.013748332745669,-2.8892957351116824,0.5283219075481669,-2.8072619608826725
2.729941846289376,0.4060494371615221,-2.819777783883985,-3.013748697505021,-2.889295998193469,0.5283219557189744,-2.8072622160899754
2.729942070778245,0.40605041939822095,-2.8197780247303093,-3.0137490257882855,-2.8892962349670768,0.5283219990727671,-2.8072624457747266
2.729942272818411,0.4060513034111121,-2.8197782414948236,-3.0137493212430866,-2.889296448063324,0.52832203809124,-2.807262652489361
2.729942454654726,0.40605209902259004,-2.8197784365854233,-3.0137495871522835,-2.8892966398499467,0.5283220732079192,-2.807262838531052
2.7299426183075592,0.40605281507280844,-2.819778612169243,-3.013749826470449,-2.889296812457907,0.5283221048129788,-2.80726300596724
2.7299427655952435,0.4060534595179044,-2.819778770196731,-3.0137500418566976,-2.8892969678050715,0.5283221332575759,-2.807263156658607
2.7299428981542806,0.4060540395184002,-2.819778912423313,-3.0137502357042307,-2.8892971076175193,0.5283221588577526,-2.807263292279753
2.729943017457523,0.40605456151876484,-2.8197790404288923,-3.013750410166929,-2.8892972334487226,0.528322181897947,-2.8072634143378083
2.7299431248305392,0.40605503131901965,-2.8197791556354024,-3.013750567183283,-2.8892973466968055,0.5283222026341537,-2.8072635241891777
2.7299432214663426,0.40605545413918287,-2.8197792593226,-3.0137507084979354,-2.8892974486200798,0.5283222212967685,-2.8072636230546166
2.7299433084386453,0.40605583467727024,-2.8197793526422807,-3.0137508356810625,-2.8892975403510266,0.5283222380931477,-2.8072637120327966
2.7299433867137894,0.4060561771614953,-2.8197794366310753,-3.013750950145823,-2.8892976229088787,0.5283222532099123,-2.807263792112514
2.7299434571614842,0.4060564853972496,-2.8197795122219627,-3.0137510531640586,-2.889297697210946,0.5283222668150215,-2.807263864183679
2.7299435205644675,0.406056762809385,-2.8197795802546355,-3.013751145880427,-2.8892977640828064,0.5283222790596387,-2.807263929047205
2.729943577627205,0.4060570124802678,-2.8197796414848266,-3.013751229325119,-2.8892978242674805,0.5283222900798112,-2.807263987423906
2.7299436289837162,0.40605723718402714,-2.8197796965927053,-3.013751304425306,-2.8892978784336876,0.5283222999979819,-2.8072640399625124
2.729943675204619,0.4060574394173788,-2.8197797461904313,-3.013751372015442,-2.8892979271832737,0.5283223089243493,-2.807264087246875
2.7299437168034695,0.4060576214273668,-2.8197797908289557,-3.0137514328465356,-2.889297971057901,0.5283223169580924,-2.8072641298024563
2.5154749720675347,0.4349965375681417,-2.6218366719492114,-2.980369521182858,-2.8510625281442987,0.5859236944509939,-2.8007181203288507
2.536922082172946,0.44524483660552844,-2.6416232316580204,-2.983707151026175,-2.854886111922824,0.5801637922985762,-2.8013673408096476
2.555931787089131,0.4404051988330202,-2.6591773354689914,-2.9858281704609784,-2.8586508753347233,0.5749095360685355,-2.802295187825608
2.5727469045256286,0.4351394014496541,-2.6747168181580627,-2.9868537906624906,-2.8623727859844386,0.5701222670319945,-2.8034766905082034
2.587368742121463,0.4295245512286904,-2.6881682167857677,-2.9868849679512777,-2.8658645472641444,0.565788793630511,-2.8047545124724262
2.599835563452056,0.42362577485549346,-2.6995207766835576,-2.986015092080233,-2.86900809253773,0.5618914415138331,-2.8060234936156307
2.6103274973003865,0.4174846733189966,-2.708950525083499,-2.9843335640378985,-2.871837283283957,0.5583978971817624,-2.807281849880444
2.619006035560379,0.4111383764856167,-2.7166153431671205,-2.9819209394364066,-2.8743835549555614,0.5552787210275464,-2.8085292587332717
2.626014110544522,0.4046194683268888,-2.7226548741086845,-2.9788498635735423,-2.876675199460005,0.5525072361812784,-2.809765668350598
2.6314798320794304,0.39795804835972876,-2.7271943161367735,-2.975185300368202,-2.8787376795140047,0.5500587044015546,-2.8109907249734274
2.635515566014678,0.3911802495098182,-2.7303433556093246,-2.970985925967972,-2.8805939115626042,0.5479107851097175,-2.8122043884806947
2.6382203361622496,0.384309436502512,-2.732198597902109,-2.966304487779152,-2.882264520406344,0.5460430309258056,-2.8134066509933464
2.639682167750862,0.3773671559929475,-2.732844648847059,-2.9611881262030573,-2.883768072981279,0.5444365553128981,-2.8145966201129915
2.63997561890834,0.37037126270303783,-2.7323554256940206,-2.9556797983859124,-2.8851212713526135,0.5430744137857517,-2.8157754511102238
2.639167114407277,0.3633390103304742,-2.7307955550879712,-2.949817660979927,-2.8863391504816027,0.5419407439407319,-2.816943000483609
2.637313843071139,0.3562857726188092,-2.728220601767468,-2.943636034683345,-2.887435242387233,0.5410210288662087,-2.8180992651326835
2.634462884707312,0.3492246327537797,-2.724676144371839,-2.937165978205761,-2.8884217259176186,0.5403021536248324,-2.8192444819132167
2.630655621443417,0.3421684728168323,-2.7202022200769944,-2.9304350917130724,-2.8893095609625874,0.5397717967089393,-2.8203785140203865
2.6259238113482355,0.3351277379326534,-2.714829364601409,-2.9234685004739394,-2.890108613622029,0.5394189212290944,-2.8215017429906006
2.620293403088754,0.3281124074363044,-2.7085824105244307,-2.916288634933603,-2.890827762290515,0.539233255791578,-2.8226143360331224
2.613784004806346,0.3211315772918739,-2.701479947590628,-2.908915640376562,-2.8914749970188867,0.5392053477153608,-2.823716474557254
2.606409290173103,0.31419358801358327,-2.693534719748531,-2.9013676058609397,-2.89205751007047,0.5393264906123656,-2.8248083533594093
2.59817735237907,0.30730614279763135,-2.684753969599401,-2.893660770166263,-2.89258177297187,0.539588659228996,-2.8258901766827544
2.5890910263091866,0.3004764149614613,-2.675139753075167,-2.8858097071225224,-2.893053611080242,0.5399844497624439,-2.826962158398124
2.5791481743401317,0.2937111478393906,-2.664689217825161,-2.8778274923644194,-2.8934782674238146,0.5405070260635109,-2.828024519870054
2.5683419500962454,0.2870167469262794,-2.6533948606546187,-2.869725853341484,-2.893860461770462,0.54115007064087,-2.8290774892029487
2.5566610379967827,0.28039936706015656,-2.641244760306556,-2.8615153042551325,-2.8942044377965077,0.5419077408273226,-2.830121296286099
2.544089903718484,0.2738649908800467,-2.628222824140714,-2.8532052675657598,-2.8945140175956903,0.5427746276377627,-2.831156176984352
2.530609038190284,0.26741950362675415,-2.6143090277356125,-2.8448041831665485,-2.8947926456252286,0.5437457190098983,-2.8321823733056126
2.5161952024665872,0.2610687661053853,-2.59947965384822,-2.836319606742203,-2.8950434162872476,0.5448163676223623,-2.8332001249092094
2.500821711497272,0.25481868090478704,-2.5837075728517456,-2.82775829807983,-2.8952691091492504,0.5459822605814947,-2.834209668974826
2.484458781857965,0.24867525023610268,-2.566962589995593,-2.8191263007751983,-2.895472235265612,0.5472393901688439,-2.835211250633348
2.4670738923270545,0.24264463727011315,-2.5492118009518263,-2.8104290136350225,-2.8956550506805807,0.5485840303906794,-2.8362051120522476
2.4486322489926144,0.2367332172561244,-2.5304200561238765,-2.801671255022145,-2.895819590020847,0.5500127132586414,-2.8371914981376145
2.429097324474503,0.23094762659780094,-2.5105504972320465,-2.792857320825526,-2.895967682914966,0.5515222086081862,-2.838170651604141
2.4084315083500365,0.22529480693644496,-2.489565204908758,-2.783991036955517,-2.8961009630420174,0.5531095061993447,-2.8391428043564226
2.3865969077869997,0.21978203290970016,-2.4674260037333418,-2.775075804961953,-2.89622092206924,0.5547717950002358,-2.840108203238651
2.363556258850659,0.21441694160172628,-2.4440953703103845,-2.766114644815927,-2.8963289065657145,0.5565064491767082,-2.8410670953908643
2.3392739920725654,0.20920755607958846,-2.4195374943132193,-2.75711023390329,-2.8964260991794584,0.5583110168191724,-2.84201970350522
2.313717488031836,0.20416228213838855,-2.393719538588781,-2.7480649405223785,-2.8965135586718804,0.5601832039179627,-2.8429662450042152
2.2868585206177863,0.19928988682138402,-2.3666130851518767,-2.7389808565745204,-2.896592244791123,0.5621208598125658,-2.8439069409268005
2.258674543457721,0.19459949532917103,-2.3381954336293114,-2.7298598085635595,-2.8966631205934847,0.5641219627724552,-2.84484208450939
2.2291507106027995,0.19010052645925224,-2.308451588600761,-2.7207034158869847,-2.89672688608919,0.5661846259975374,-2.845771836076215
2.1982812823903832,0.18580262404306783,-2.277375701185298,-2.7115130864774333,-2.8967842578809093,0.5683070690226922,-2.846696423182265
2.166071187513515,0.1817156057367301,-2.2449726232814755,-2.702290033507797,-2.8968359142336,0.5704876174607832,-2.847616095077444
2.132537881782593,0.17784931185795108,-2.211259755300533,-2.6930353147836423,-2.8968824160024096,0.5727246953629215,-2.8485310578911758
2.097712604652959,0.17421348249230686,-2.176268307148103,-2.6837498437601113,-2.8969242526150567,0.5750168156028536,-2.84944150424728
2.0616410281583586,0.17081769643737674,-2.140043956803037,-2.6744343722399235,-2.8969619360105083,0.5773625762729193,-2.850347679567009
2.024384806682943,0.16767101144158972,-2.1026483660575357,-2.6650895810945077,-2.8969958181949287,0.5797606444404118,-2.851249741532737
1.9860200072472116,0.16478221370749022,-2.064157656634234,-2.655715944650654,-2.8970263689655145,0.5822097793362379,-2.8521479650029535
1.9466387812279915,0.16215912060242468,-2.024664006748806,-2.646313930053609,-2.8970538684948917,0.5847087887341613,-2.853042508844013
1.906346942526954,0.15980878397725007,-1.9842732732399435,-2.6368838807920665,-2.8970786170323453,0.5872565507404384,-2.8539335705624356
1.8652627718262231,0.15773726068246544,-1.9431037673419809,-2.6274260582895606,-2.897100879005072,0.5898520060987319,-2.854821342313424
1.8235160237411332,0.15594944079183107,-1.9012852070766761,-2.6179408814437117,-2.8971209010503975,0.5924944374680549,-2.8557061488235096
1.7813199353316056,0.15461461986893166,-1.8590150116692563,-2.608415446496389,-2.8968614304585305,0.5952195199564734,-2.8563884667664747
1.7392629927056393,0.1541843527731555,-1.8168397778521497,-2.5988149710763797,-2.895573785856228,0.5981327373238305,-2.856330914815004
1.697976009500274,0.15482932668605753,-1.7753679032012022,-2.589123380884931,-2.8929816993788102,0.6012873570768043,-2.855336270578399
1.6579004121225467,0.15653761715674697,-1.7350428671375568,-2.5793377215553286,-2.8891099930577107,0.6046971191066175,-2.8534241522548687
1.6192969067871132,0.15922261449072375,-1.6961408062769023,-2.5694611730631967,-2.884102085774077,0.6083557305782036,-2.8506995443714835
1.5814792162918783,0.16275545837872646,-1.658690816348475,-2.5595669207956733,-2.8778827884360556,0.6121242661659448,-2.8468523702043935
1.5452165465230447,0.1670524915255047,-1.6229383542042044,-2.5495778011656194,-2.870878301610282,0.6160513830745132,-2.8425664064258127
1.5105341876568654,0.1720094411730048,-1.5888674020839075,-2.5395150372752573,-2.863221661189721,0.6201950256508361,-2.837933989830623
1.4774767818362087,0.1775346587024634,-1.5564533845712312,-2.5293896438412315,-2.8550606620820016,0.6244974785532896,-2.832854558621455
1.4459320382002963,0.1835481951012175,-1.52563539098212,-2.5192214702903564,-2.846510000254631,0.6289532851015511,-2.8273182853470757
1.4159595101299094,0.18997558633186798,-1.496411561589635,-2.508988909094522,-2.8376880296347315,0.6335171072308582,-2.8215924076621968
1.3875068262281616,0.19675628676546508,-1.4686781178210209,-2.4987038642572013,-2.8286770227643214,0.6383276333457888,-2.8159458672613344
1.3603016369021643,0.20383124032097574,-1.4423723536777595,-2.4883868427731866,-2.8194682993155884,0.6431536613165414,-2.810263729933575
1.3345878996488805,0.21115458502395484,-1.4174092531828555,-2.4780375712830978,-2.81022197806372,0.6479836315363039,-2.8040700744209985
1.310093954957738,0.2186810687780418,-1.3937759644855932,-2.467635220308666,-2.8009608853575694,0.6528455945602594,-2.797946908995706
1.286873856933171,0.22637572061064204,-1.3713935032428728,-2.4571835980310706,-2.7917813234656204,0.6577939151012352,-2.791894465366514
1.2648232979388725,0.23420961866082993,-1.3501592177335267,-2.44669738688879,-2.7827057212727775,0.6628463449366553,-2.785858469309409
1.2438551437417509,0.24214944553204232,-1.330049520089159,-2.436164158776854,-2.7737581301302945,0.6679369449383659,-2.779966477688926
1.2237868783542087,0.250163387223175,-1.3110600256223353,-2.4255662152849595,-2.7649132887177625,0.6730776437673528,-2.7746580113691124
1.2046341908490914,0.25824724390453063,-1.2929968908196223,-2.41494594259956,-2.756213417073788,0.6783071918550888,-2.7693289386531563
1.1863156678587456,0.2663776337727349,-1.2758441709848012,-2.404295033301015,-2.7476599449822006,0.683533227671334,-2.763997223043916
1.1688865730656615,0.2745320637687183,-1.259579648221451,-2.393588984166873,-2.7393050315858924,0.6887277330176844,-2.7586670730801726
1.1523330527063511,0.28270172526810794,-1.2441329151342433,-2.3828502256058046,-2.7311739229068515,0.6939896602155029,-2.7534836463383066
1.1365654938197705,0.29087709561794645,-1.2294432101776027,-2.372080110099885,-2.723281103970581,0.6993305058332406,-2.748523301008632
1.1214277449440258,0.299053741679116,-1.2154366348838557,-2.3612785505586054,-2.7155950495351595,0.7047951228746969,-2.7439567128638127
1.1068697191867096,0.30721571196314834,-1.2021183179504658,-2.35042080888844,-2.708140346862489,0.7105403507513119,-2.740462212483972
1.0929835329607493,0.31535682008164745,-1.1894305814879675,-2.3395263240246544,-2.700981043261316,0.7163506875264417,-2.7373942304037495
1.0797536269476418,0.3234714687591292,-1.1773270309488757,-2.328598122742931,-2.6940715330676084,0.7221629392229362,-2.7343010969804884
1.0671591054541674,0.3315532808729997,-1.1657821851519312,-2.317637312623033,-2.6874327448842763,0.72800523774923,-2.731357283261344
1.0550782803873902,0.3396052717807484,-1.1547322111825036,-2.306650569010924,-2.6810193906134088,0.7338674613608768,-2.728386788281312
1.0435241754924791,0.34762410921593745,-1.1441425581824407,-2.295637611751257,-2.6748550548974093,0.7397597927555696,-2.72549886688334
1.0325941537361591,0.35560662520318503,-1.1339767637314093,-2.2845933413326422,-2.669031666673256,0.7458315087575327,-2.7231717594339213
1.0222151961048696,0.3635477090280868,-1.1242262457942076,-2.273518907206626,-2.6634633301310036,0.7519372262049591,-2.720957500197668
1.0121839846208978,0.37144788197707584,-1.114867113459636,-2.262415224249561,-2.6580917586099715,0.7580264813737346,-2.7188428937844202
1.0025089156737708,0.3793069992279,-1.105870818827815,-2.2512830223716187,-2.6529264646634214,0.7641039901393698,-2.716832566047753
0.9927401821734574,0.3871389802414274,-1.0971781042798299,-2.2401346969699056,-2.6477203725536627,0.7700542507284768,-2.7147514165072013
0.9831224949340966,0.3949367666945352,-1.0887845807775636,-2.228963517465712,-2.6426182199751134,0.7759443908433072,-2.712643478595076
0.973855667125841,0.4026887815827552,-1.0807068381466076,-2.2177544805642277,-2.6377439520616495,0.7818597859733072,-2.710732260588106
0.9648901322375223,0.4103955638423289,-1.0729295005993904,-2.206507092362418,-2.633083636288006,0.7878025744162725,-2.709061396094195
0.9560106141594177,0.4180725570233838,-1.0653900538339016,-2.1952319607344184,-2.628510048882566,0.7937511893539712,-2.7074230436510027
0.9473446754876327,0.4257105962182357,-1.0581030109927996,-2.1839220521680076,-2.6240988060875003,0.799680974645822,-2.7058890448823156
0.9389079622835128,0.43330666312448984,-1.051067533661709,-2.1725637368852886,-2.6198758456472846,0.8056561822991402,-2.704610208033129
0.9305954533461931,0.44087215134745217,-1.0442341009462195,-2.161171403083261,-2.6157666992556816,0.8116340890104579,-2.703417837165687
0.9224656144498746,0.44839904622952237,-1.0376221046322607,-2.149731935556001,-2.611815043109223,0.8176258361274897,-2.7024119607670665
0.9144921961560162,0.4558896374551041,-1.0312183263827168,-2.138245690167493,-2.6079913481947172,0.8236273356251125,-2.7014697953560773
0.9065711281790468,0.4633525950919193,-1.0249879192215816,-2.126719022981003,-2.604246518361597,0.8296173666184863,-2.7005983598756584
0.8987603162997604,0.47078329141570735,-1.0189383197087916,-2.115145718708525,-2.6006219256631113,0.8355923544810214,-2.6998335982550246
0.8910859027129108,0.4781816434380547,-1.0130618319635913,-2.103523887503007,-2.597132457654173,0.841547492711801,-2.699161571113921
0.8835105307748148,0.4855513293593848,-1.00734384065189,-2.0918540079081156,-2.593755070690248,0.8474895821104494,-2.6985838130134256
0.8759924606418196,0.4928962086914409,-1.0017702960607526,-2.080136003234756,-2.5904652911216046,0.8534227202671523,-2.698093671937705
0.868527513311011,0.5002176755963047,-0.9963338791360776,-2.068368111692989,-2.587261143905915,0.8593478583322958,-2.6976908255050307
0.8611129970198013,0.5075171390751344,-0.9910276012238256,-2.0565485444553624,-2.5841407363649584,0.8652666967876222,-2.697374463527141
0.8537462672333646,0.5147960390498991,-0.9858448967524045,-2.04467548198772,-2.581102125944845,0.871180888780825,-2.6971437037284165
0.8464246700308388,0.5220558430685781,-0.9807795987675442,-2.032747070334405,-2.5781433300821464,0.8770920133741195,-2.6969976261858357
0.8391455477010878,0.5292980428521733,-0.9758259110136648,-2.020761417335409,-2.575262340583987,0.8830015838382775,-2.69693528781715
0.8319062454767927,0.5365241515483542,-0.9709783817358673,-2.0087165887552274,-2.5724571362142012,0.888911056736639,-2.6969557343281374
0.824704116852582,0.5437357016606572,-0.966231879310191,-1.9966106042995455,-2.569725693435532,0.8948218403260118,-2.69705801062983
0.8175365275600488,0.5509342435902671,-0.9615815695855774,-1.98444143349402,-2.567065995521891,0.9007353022893205,-2.6972411699526937
0.8104008583668516,0.5581213447223551,-0.9570228948144321,-1.9722069914057265,-2.564476040243798,0.9066527768927997,-2.6975042818231816
0.8032945068442311,0.5652985890148078,-0.9525515540594621,-1.9599051341765288,-2.5619538463041085,0.9125755716301633,-2.6978464390568857
0.7962148882292215,0.5724675770447386,-0.9481634849685567,-1.9475336543418993,-2.5594974586820585,0.9185049734255026,-2.6982667639013154
0.7891594354895392,0.5796299264750729,-0.943854846815826,-1.9350902759071005,-2.5571049530252137,0.9244422544617711,-2.698764413446963
0.7821255986814568,0.586787272915086,-0.9396220047143541,-1.922572649147289,-2.554774439211604,0.9303886776893038,-2.699338584415527
0.7751108436782906,0.5939412711475202,-0.9354615149101237,-1.909978345100017,-2.5525040641911367,0.9363455020762063,-2.699988517419466
0.7681126503300143,0.6010935967159765,-0.9313701110761881,-1.8973048497056604,-2.5502920141996657,0.9423139876351408,-2.700713500785904
0.7611285101106093,0.6082459478418577,-0.9273446915233463,-1.8845495575668987,-2.5481365164332,0.9482954003050457,-2.701512874013649
0.7541559232876855,0.6154000476881141,-0.9233823072598633,-1.871709765266393,-2.546035840251748,0.9542910166970926,-2.7023860309484053
0.747192395650744,0.6225576469480285,-0.9194801508253976,-1.8587826642056946,-2.543988297981468,0.9603021287819564,-2.7033324227313376
0.7402354348165968,0.6297205267752248,-0.9156355458372929,-1.8457653329011698,-2.541992245369802,0.9663300485427982,-2.7043515605892963
0.733282546127586,0.6368905020543371,-0.9118459371851275,-1.8326547286807922,-2.540046081745331,0.9723761126524493,-2.7054430185190306
0.7263312281458763,0.6440694250324618,-0.908108881817093,-1.8194476787076665,-2.5381482499249794,0.978441687209168,-2.7066064359233075
0.7193789677403072,0.65125918933184,-0.9044220400633878,-1.8061408702507262,-2.536297235906657,0.9845281725743348,-2.7078415202519275
0.7124232347575494,0.6584617343582455,-0.90078316744097,-1.7927308401215143,-2.5344915683828493,0.990637008376037,-2.7091480496924323
0.7054614762539142,0.6656790501518945,-0.8971901068937697,-1.779213963165494,-2.5327298181014357,0.9967696787032779,-2.7105258759699717
0.6984911102654093,0.6729131826995177,-0.8936407814140848,-1.7655864397081316,-2.531010597102827,1.002927717575091,-2.7119749272957465
0.6915095190721677,0.680166239778242,-0.8901331870052185,-1.7518442818073434,-2.5293325578509234,1.0091127147019776,-2.7134952115309448
0.6845140419185689,0.6874403973575159,-0.8866653859306729,-1.737983298184769,-2.527694392282306,1.0153263216478827,-2.7150868196039952
0.677501967125053,0.6947379066467424,-0.8832355002108784,-1.7239990776476828,-2.5260948307859596,1.0215702584248052,-2.7167499292530604
0.6704705235260888,0.7020611018502482,-0.8798417053171415,-1.7098869708157063,-2.5245326411304503,1.0278463206206128,-2.7184848091481326
0.6634168711498811,0.7094124087228134,-0.8764822240171617,-1.6956420699219608,-2.5230066273501284,1.034156387141267,-2.7202918234641227
0.6563380910377078,0.7167943540399668,-0.8731553203267403,-1.6812591864170146,-2.521515628599329,1.0405024286520599,-2.7221714369877037
0.6492311740921921,0.7242095760827546,-0.8698592935097333,-1.666732826087228,-2.5200585179877595,1.0468865168704276,-2.7241242208300407
0.6428333702567703,0.7308834216824263,-0.8668929864062148,-1.65365910179042,-2.5187467064444404,1.0526312833696325,-2.7258825064651115
0.6370752491706131,0.7368898977151045,-0.8642233114435822,-1.641892749923293,-2.5175660415760186,1.0578015243445702,-2.7274650180017725
0.6318929074530473,0.7422957352815989,-0.8618205995636771,-1.6313030332428784,-2.5165034254349217,1.0624547305704455,-2.728889300059693
0.62722878556264,0.7471609961291807,-0.8596581535088127,-1.6217722882305055,-2.5155470586725435,1.0666426157301818,-2.730171165960395
0.6230310750018926,0.7515397361576458,-0.857711946195324,-1.6131946177193697,-2.514686320750666,1.0704117191199407,-2.731324850007403
0.6192531449984192,0.7554806059089896,-0.8559603534939682,-1.6054747142593475,-2.5139116524209664,1.0738039242147335,-2.732363164571523
0.61585302526904,0.759027391099256,-0.8543839138730408,-1.5985268011453275,-2.513214449673648,1.076856924615584,-2.7332976420752666
0.6127929404206472,0.7622194990903151,-0.852965112091463,-1.5922736793427097,-2.5125869682912674,1.079604643335837,-2.7341386628007154
0.610038890855817,0.7650923967081229,-0.8516881845318603,-1.5866458697203536,-2.5120222379493744,1.0820776101142344,-2.7348955699282365
0.6075602755341284,0.767678004275616,-0.8505389440082026,-1.581580841060233,-2.511513984904907,1.0843033009556267,-2.735576773087013
0.6053295524066187,0.7700050502409058,-0.8495046220992396,-1.5770223152661245,-2.5110565624106513,1.0863064436807433,-2.7361898415683212
0.6033219327604602,0.7720993903427388,-0.8485737272539634,-1.5729196420514269,-2.510644888081511,1.0881092928887388,-2.736741588235761
0.6015151060878887,0.7739842948604857,-0.8477359170908582,-1.5692272361581991,-2.510274387516662,1.0897318773958466,-2.7372381450621477
0.5998889924321512,0.7756807071408077,-0.8469818834706798,-1.5659040708542942,-2.509940943551887,1.0911922229068411,-2.7376850311291627
0.5984255194677888,0.7772074762736477,-0.846303249064688,-1.5629132220807795,-2.509640850579358,1.0925065523999167,-2.7380872138419057
0.5971084218464802,0.7785815665027263,-0.8456924742681915,-1.5602214581846163,-2.509370773428654,1.0936894664570527,-2.7384491640351385
0.5959230605860942,0.7798182456970659,-0.8451427734243989,-1.5577988706780697,-2.509127710353551,1.0947541055482508,-2.7387749055803314
0.5948562605023477,0.7809312549773277,-0.8446480394271618,-1.5556185419221775,-2.5089089597147227,1.0957122960767411,-2.7390680600417934
0.5938961638820371,0.7819329613813117,-0.8442027758644176,-1.5536562460418746,-2.5087120899894737,1.096574681811144,-2.7393318868754655
0.5930320987764607,0.7828344952645166,-0.8438020359480226,-1.551890179749602,-2.5085349127764736,1.0973508421676146,-2.739569319614765
0.5922544604553619,0.783645873962053,-0.8434413675511485,-1.5503007200865566,-2.5083754584966167,1.0980493986583952,-2.739782998443577
0.5915546047073198,0.7843761130855829,-0.8431167637423392,-1.5488702063898159,-2.508231954520952,1.0986781106912873,-2.7399752995166575
0.5909247518035872,0.7850333266916023,-0.8428246182664468,-1.5475827440627492,-2.508102805483465,1.0992439617858958,-2.7401483613518125
0.5903579000603952,0.7856248174337681,-0.8425616854776721,-1.5464240279683892,-2.5079865755606505,1.099753237165723,-2.740304108585942
0.589847748040996,0.7861571577007176,-0.8423250442794302,-1.5453811834834652,-2.507881972521564,1.1002115935891348,-2.7404442733579297
0.5893886245343819,0.7866362626407057,-0.8421120656703089,-1.5444426234470336,-2.507787833371604,1.1006241221957964,-2.7405704145551772
0.5889754255337529,0.7870674558842655,-0.8419203835354699,-1.543597919414245,-2.5077031114309176,1.1009954050674133,-2.740683935136992
0.5886035575153539,0.7874555286949969,-0.8417478683589213,-1.5428376857847355,-2.5076268647041724,1.1013295661316487,-2.740786097726794
0.5882688863881191,0.7878047932055924,-0.8415926035645525,-1.5421534755181767,-2.5075582454127403,1.1016303169751347,-2.740878038645974
0.5879676915474225,0.7881191303305084,-0.84145286422304,-1.541537686278274,-2.507496490573191,1.101900998074852,-2.74096078054501
0.5876966245228189,0.7884020328875644,-0.841327097888028,-1.5409834759623613,-2.5074409135175846,1.1021446159061796,-2.7410352437719387
0.5874526717606111,0.7886566444075318,-0.8412139073486469,-1.54048468667804,-2.507390896261473,1.1023638763400552,-2.741102256604296
0.5872331211279371,0.7888857940628772,-0.8411120351067348,-1.5400357763221508,-2.5073458826349184,1.1025612147004122,-2.7411625644580684
0.587035531766363,0.7890920281037149,-0.8410203494062872,-1.5396317570018505,-2.5073053721002823,1.102738822815929,-2.741216838175868
0.5868577069601337,0.7892776381502248,-0.8409378316599124,-1.5392681396135803,-2.507268914188157,1.1028986733666937,-2.7412656814863383
0.5866976697176894,0.7894446866558691,-0.840863565132593,-1.5389408839641372,-2.5072361034896598,1.1030425417963285,-2.741309637717621
0.5865536407951765,0.7895950298243151,-0.8407967247570233,-1.5386463538796382,-2.5072065751494814,1.1031720260330409,-2.741349195839436
0.5864240189177887,0.78973033823468,-0.8407365679673682,-1.5383812768035892,-2.507180000809635,1.103288564238723,-2.7413847959008852
0.5863073629791814,0.7898521154042587,-0.8406824264496019,-1.538142707435145,-2.5071560849588486,1.103393450783299,-2.7414168339243994
0.5862023760211621,0.7899617144949781,-0.8406336987167725,-1.5379279950035454,-2.5071345616470495,1.1034878506217956,-2.7414456663101836
0.586107890815639,0.7900603533492007,-0.8405898434267018,-1.5377347538151056,-2.5071151915284386,1.1035728122338606,-2.741471613800121
0.5860228568885995,0.7901491280219396,-0.8405503733678793,-1.5375608367455098,-2.507097759200299,1.1036492792694819,-2.7414949650451783
0.5859463288419126,0.7902290249598412,-0.8405148500467335,-1.5374043113828737,-2.5070820708079697,1.1037181010302781,-2.7415159798159574
0.5858774558431653,0.790300931962256,-0.8404828788161466,-1.5372634385565012,-2.507067951889369,1.103780041902799,-2.7415348918920914
0.585815472166721,0.7903656480461897,-0.8404541044910879,-1.537136653012766,-2.5070552454351116,1.1038357898486237,-2.7415519116625955
0.5857596886808663,0.7904238923247441,-0.8404282074026597,-1.5370225460234042,-2.507043810142662,1.1038859640455714,-2.7415672284660824
0.5857094851864258,0.7904763119977004,-0.8404048998467136,-1.5369198497329786,-2.5070335188451134,1.1039311217649028,-2.741581012696863
0.5856643035216886,0.79052348954303,-0.8403839228875846,-1.5368274230715955,-2.507024257097134,1.1039717645609068,-2.7415934177003494
0.5856236413569996,0.7905659491892402,-0.840365043481431,-1.5367442390763508,-2.507015921902359,1.104008343841625,-2.741604581478832
0.585587046610041,0.7906041627404731,-0.8403480518872237,-1.5366693734806307,-2.5070084205680785,1.1040412658825918,-2.741614628226603
0.5855541124197219,0.7906385548190815,-0.8403327593366186,-1.5366019944444824,-2.5070016696744966,1.1040708963392833,-2.741623669711496
0.5855244726228046,0.7906695075839358,-0.8403189959368278,-1.536541353311949,-2.5069955941470936,1.1040975643083957,-2.7416318065182046
0.585497797682984,0.7906973649768895,-0.8403066087831905,-1.5364867762926688,-2.5069901264217855,1.1041215659830634,-2.741639129167205
0.5854737910271647,0.7907224365445872,-0.8402954602604739,-1.5364376569753169,-2.506985205693594,1.1041431679426195,-2.7416457191217365
0.5854521857482068,0.7907450008780832,-0.8402854265140328,-1.5363934495897,-2.506980777240476,1.1041626101134348,-2.7416516496940257
0.5854327416374865,0.7907653087084893,-0.8402763960738443,-1.5363536629426449,-2.5069767918147954,1.1041801084337264,-2.7416569868608454
0.5854152425142796,0.7907835856930489,-0.8402682686161282,-1.5363178549602952,-2.5069732050956683,1.1041958572519324,-2.741661789997472
0.5853994938222807,0.7908000349225975,-0.8402609538487992,-1.5362856277761805,-2.506969977196094,1.1042100314852898,-2.74166611253821
0.5853853204665372,0.7908148391782699,-0.8402543705083645,-1.5362566233104773,-2.5069670722193913,1.1042227885625961,-2.7416700025708263
0.5853725648667492,0.7908281629625297,-0.8402484454571264,-1.5362305192913444,-2.506964457860008,1.1042342701727272,-2.741673503371511
0.5853610852052948,0.7908401543270912,-0.8402431128706578,-1.5362070256741247,-2.5069621050442654,1.1042446038383376,-2.7416766538863095
0.5853507538505033,0.7908509465180439,-0.8402383135065248,-1.536185881418627,-2.5069599876070394,1.1042539043322168,-2.7416794891643868
0.585341455937644,0.7908606594564589,-0.8402339940461324,-1.5361668515886793,-2.5069580820007897,1.1042622749520388,-2.7416820407479414
0.5853330880918586,0.7908694010709315,-0.8402301065023811,-1.5361497247417262,-2.506956367033695,1.1042698086676574,-2.7416843370231043
0.5853255572788362,0.7908772684968648,-0.8402266076865532,-1.5361343105794685,-2.5069548236339854,1.104276589153695,-2.7416864035357285
0.5853187797704543,0.790884349155822,-0.8402234587285081,-1.5361204378334365,-2.5069534346378513,1.1042826917188908,-2.7416882632755835
0.5853126802138855,0.7908907217269397,-0.8402206246448534,-1.5361079523620078,-2.50695218459857,1.1042881841425325,-2.7416899369321115
0.5853071907938205,0.7908964570211979,-0.8402180739502969,-1.5360967154377219,-2.5069510596147264,1.1042931274272585,-2.741691443124595
0.5853022504784943,0.7909016187682592,-0.8402157783078608,-1.5360866022058646,-2.5069500471756196,1.104297576476596,-2.7416927986092934
0.5852978043411299,0.7909062643246224,-0.8402137122140713,-1.536077500297193,-2.5069491360221337,1.104301580704757,-2.7416940184658545
0.5852938029492598,0.790910445310959,-0.8402118527156277,-1.5360693085793884,-2.506948316021529,1.1043051845854654,-2.741695116265074
0.5852902018151315,0.790914208185713,-0.8402101791544029,-1.5360619360333645,-2.5069475780547568,1.1043084281459137,-2.7416961042198693
0.5852869609010893,0.79091759476134,-0.8402086729379411,-1.5360553007419429,-2.506946913915051,1.1043113474113309,-2.7416969933211472
0.5852840441744332,0.7909206426689204,-0.8402073173329053,-1.5360493289796635,-2.5069463162166588,1.1043139748051045,-2.7416977934600766
0.5852814192068037,0.7909233857763093,-0.840206097279178,-1.536043954393612,-2.506945778312709,1.1043163395088955,-2.7416985135381267
0.5852790568136408,0.7909258545644715,-0.8402049992225508,-1.5360391172661656,-2.5069452942212913,1.1043184677867504,-2.741699161566096
0.585276930729708,0.7909280764661805,-0.8402040109641432,-1.536034763851464,-2.5069448585589336,1.104320383276807,-2.741699744753231
0.5852750173170729,0.7909300761708472,-0.8402031215248801,-1.5360308457782323,-2.506944466480733,1.1043221072538358,-2.741700269587429
0.5852732953022988,0.7909318758988649,-0.8402023210235187,-1.536027319512324,-2.506944113626477,1.1043236588655325,-2.7417007419074153
0.5852717455399244,0.7909334956485186,-0.8402016005668731,-1.5360241458730064,-2.506943796072154,1.1043250553451844,-2.7417011669676987
0.5852703507996039,0.7909349534182022,-0.8402009521510155,-1.5360212895976206,-2.506943510286317,1.1043263122030755,-2.741701549497028
0.5852690955745373,0.7909362654064147,-0.8402003685723564,-1.5360187189497734,-2.5069432530908076,1.1043274433987542,-2.7417018937509976
0.5852679659090656,0.790937446191755,-0.840199843347616,-1.536016405366711,-2.506943021625416,1.1043284614960773,-2.741702203559393
0.5852669492435099,0.7909385088949165,-0.8401993706417984,-1.5360143231419547,-2.5069428133160696,1.1043293778027532,-2.7417024823687957
0.5852660342745319,0.7909394653244827,-0.8401989452033677,-1.536012449139674,-2.5069426258462117,1.1043302024959327,-2.7417027332809254
0.5852652108294631,0.790940326108142,-0.8401985623059056,-1.5360107625376216,-2.506942457131035,1.1043309447352434,-2.7417029590871476
0.5852644697532036,0.7909411008107812,-0.8401982176956038,-1.5360092445957743,-2.506942305294299,1.1043316127645226,-2.741703162299527
0.5852638028064349,0.7909417980407685,-0.8401979075440055,-1.5360078784481117,-2.506942168647466,1.1043322140033798,-2.741703345178774
0.585263202574015,0.7909424255456087,-0.8401976284054739,-1.5360066489152153,-2.5069420456709213,1.1043327551296025,-2.7417035097593945
0.5852626623825359,0.790942990298032,-0.8401973771789123,-1.5360055423356087,-2.506941934997073,1.104333242153326,-2.7417036578723253
0.5852621762261283,0.790943498573474,-0.8401971510733126,-1.5360045464139627,-2.506941835395146,1.1043336804837849,-2.741703791165301
0.585261738699688,0.7909439560198075,-0.8401969475767487,-1.5360036500844814,-2.506941745757493,1.1043340749893922,-2.7417039111211863
0.5852613449387812,0.7909443677201001,-0.8401967644284698,-1.536002843387948,-2.506941665087277,1.104334430051811,-2.7417040190744713
0.5852609905655617,0.7909447382490972,-0.8401965995937851,-1.536002117361068,-2.5069415924873866,1.1043347496146207,-2.7417041162261198
0.5852606716400975,0.7909450717240554,-0.8401964512414589,-1.5360014639368762,-2.5069415271504574,1.1043350372271172,-2.7417042036569286
0.5852603846165666,0.7909453718504929,-0.8401963177233668,-1.5360008758551034,-2.506941468349895,1.1043352960837332,-2.7417042823395503
0.5852601263038341,0.7909456419633646,-0.8401961975561855,-1.536000346581508,-2.5069414154317946,1.104335529059518,-2.7417043531493164
0.5852598938299729,0.7909458850641196,-0.8401960894049141,-1.535999870235272,-2.5069413678076686,1.1043357387420705,-2.741704416873973
0.585259684610334,0.7909461038540527,-0.8401959920680426,-1.5359994415236595,-2.5069413249479027,1.1043359274602778,-2.741704474222446
0.5852594963188091,0.7909463007643213,-0.8401959044642041,-1.5359990556832084,-2.506941286375865,1.1043360973101823,-2.7417045258327266
0.5852593268619701,0.7909464779829589,-0.8401958256201609,-1.5359987084268023,-2.5069412516626075,1.1043362501782614,-2.7417045722789695
0.5852591743557933,0.7909466374791894,-0.8401957546599925,-1.535998395896037,-2.5069412204220938,1.1043363877623802,-2.7417046140778805
0.585259037104713,0.7909467810253079,-0.8401956907953646,-1.5359981146183481,-2.506941192306907,1.1043365115906492,-2.7417046516944645
0.5852589135827705,0.7909469102163748,-0.8401956333167709,-1.5359978614684282,-2.506941167004387,1.1043366230383962,-2.7417046855471985
0.5852588024166475,0.7909470264879392,-0.840195581585651,-1.5359976336335002,-2.5069411442331515,1.1043367233434422,-2.7417047160126873
0.5852587023703987,0.7909471311319913,-0.8401955350272962,-1.535997428582065,-2.506941123739969,1.1043368136198495,-2.741704743429853
0.5852586123317092,0.7909472253113179,-0.8401954931244647,-1.5359972440357734,-2.50694110529694,1.1043368948702945,-2.741704768103707
0.5852585312995289,0.7909473100724237,-0.8401954554116356,-1.535997077944111,-2.5069410886989663,1.1043369679972053,-2.7417047903087393
0.5852584583729419,0.7909473863571598,-0.840195421469837,-1.5359969284616148,-2.5069410737614666,1.1043370338127838,-2.7417048102919765
0.5852583927411507,0.7909474550131891,-0.8401953909219908,-1.5359967939273682,-2.5069410603183253,1.104337093048027,-2.741704828275728
0.5852583336744612,0.7909475168034056,-0.8401953634287248,-1.5359966728465462,-2.5069410482200456,1.1043371463608456,-2.7417048444600587
0.5852582805161706,0.7909475724144117,-0.8401953386846015,-1.5359965638738065,-2.5069410373320866,1.104337194343372,-2.7417048590250155
0.5852582326752652,0.7909476224641475,-0.840195316414725,-1.5359964657983407,-2.506941027533367,1.1043372375285359,-2.7417048721326305
